week_number,subject_abbreviation,year,type,weight,label,description,date,end_date,year_1,year_2,year_3,year_4,year_5,year_6
,,,school-wide,,Eerste schooldag,"Welkom terug! Roosters worden uitgedeeld en klassen maken kennis met hun mentor.",2026-08-17,,1,1,1,1,1,1
,,,school-wide,,Schoolfoto,"Klas- en portretfoto's worden gemaakt tijdens de schooldag.",2026-08-27,,1,1,1,1,1,1
35,NL,2,plan,,Introductie leesvaardigheid,"Leesstrategieën: skimmen, scannen en globaal lezen.",,,,,,,,
35,WI,3,plan,,Herhaling algebra,"Terugblik op vergelijkingen, ongelijkheden en stelsels uit leerjaar 2.",,,,,,,,
35,EN,5,so,formatief,SO grammar review,"Formative check: grammar van het vorige leerjaar (passive, conditionals).",,,,,,,,
,,,school-wide,,Informatieavond leerjaar 1,"Ouderavond voor ouders van brugklassers. Aanvang 19:00 in de aula.",2026-09-02,,1,,,,,
36,EN,1,plan,,Vocabulary unit 1,"Introductie van thema Food & Drink: 30 nieuwe woorden en uitdrukkingen.",,,,,,,,
36,GS,4,plan,,Start Eerste Wereldoorlog,"Oorzaken en het stelsel van allianties vóór 1914: Triple Entente en Triple Alliance.",,,,,,,,
36,FR,2,plan,,Impératif en vocabulaire,"Vorming van de gebiedende wijs en woordenschat thema: l'école.",,,,,,,,
,,,school-wide,,Studiedag,"Geen lessen. Docenten volgen nascholing en voeren leerlingbesprekingen.",2026-09-11,,1,1,1,1,1,1
37,NL,2,so,1,SO leesvaardigheid H1,"Schriftelijke overhoring: skimmen, scannen en 10 begripsvragen.",,,,,,,,
37,WI,3,so,1,SO algebra,"Vergelijkingen, ongelijkheden en stelsels van vergelijkingen.",,,,,,,,
38,EN,1,so,1,SO vocabulary unit 1,"Woordenschattoets: definities, vertalingen en zinnen aanvullen.",,,,,,,,
38,BI,4,plan,,Genetica en celdeling,"Start thema: DNA-structuur, nucleotiden en mitose.",,,,,,,,
38,NL,3,plan,,Argumentatief schrijven,"Opbouw van een betoog: stelling, argumenten en weerlegging.",,,,,,,,
39,WI,2,proefwerk,2,Proefwerk statistiek,"Gemiddelde, mediaan, modus en spreidingsmaten.",,,,,,,,
39,GS,4,so,1,SO Eerste Wereldoorlog,"Schietincident Sarajevo, mobilisatie en het Schlieffenplan.",,,,,,,,
39,EN,3,plan,,Reading comprehension,"Strategieën voor Engelstalige teksten: inference, main idea en detail.",,,,,,,,
39,FR,2,so,1,SO impératif,"Vorming en gebruik van de gebiedende wijs in positieve en negatieve zinnen.",,,,,,,,
40,NL,2,proefwerk,2,Proefwerk leesvaardigheid,"Toets over H1 en H2: meerkeuzevragen en open vragen over zakelijke teksten.",,,,,,,,
40,SK,5,so,1,SO zuren en basen,"pH-berekeningen, Ka-waarden en neutralisatiereacties.",,,,,,,,
40,BI,4,so,1,SO genetica – celdeling,"Vragen over DNA-replicatie, mitose en celcyclus.",,,,,,,,
40,EN,6,schoolexamen,,Schoolexamen spreekvaardigheid,"Mondelinge presentatie van 5 minuten over een zelfgekozen onderwerp, beoordeeld op inhoud en uitspraak.",,,,,,,,
,,,school-wide,,Ouderavond,"Rapportbespreking. Aanmelden via Magister, gesprekken van 10 minuten per mentor.",2026-10-07,,1,1,1,1,1,1
41,WI,3,proefwerk,2,Proefwerk functies,"Lineaire, kwadratische en exponentiële functies: formules en grafieken.",,,,,,,,
41,EN,1,proefwerk,2,Proefwerk unit 1-2,"Vocabulary, grammar en een korte leesopdracht uit unit 1 en 2.",,,,,,,,
41,NA,5,plan,,Elektromagnetisme,"Coulombwet, elektrisch veld en elektrische potentiaal.",,,,,,,,
,,,school-wide,,Herfstvakantie,,2026-10-12,2026-10-18,1,1,1,1,1,1
43,NL,3,so,1,SO argumentatief schrijven,"Beoordeling op structuur, taalgebruik en argumentkwaliteit.",,,,,,,,
43,GS,4,proefwerk,2,Proefwerk Eerste Wereldoorlog,"H1 t/m H3: oorzaken, verloop en gevolgen van de Eerste Wereldoorlog.",,,,,,,,
43,WI,2,plan,,Meetkunde,"Pythagoras, gelijkvormigheid en de sinusregel.",,,,,,,,
43,EN,2,plan,,Grammar – present perfect,"Vorming en gebruik van de present perfect versus de simple past.",,,,,,,,
43,NA,5,so,1,SO elektromagnetisme deel 1,"Coulombwet en elektrisch veld: berekeningen en conceptvragen.",,,,,,,,
43,FR,3,presentatie,,Presentatie Frans,"Mondelinge presentatie van 3 minuten over het thema: les vacances.",,,,,,,,
44,SK,5,proefwerk,2,Proefwerk zuren basen en zouten,"Zuur-basenevenwichten, pH, titraties en buffersystemen.",,,,,,,,
44,NL,1,plan,,Spelling werkwoorden,"Herhaling sterke en zwakke werkwoorden: tegenwoordige en verleden tijd.",,,,,,,,
44,EN,4,luistertoets,1,Luistertoets unit 3-4,"Luisteroefeningen uit het leerboek met multiple choice en korte antwoorden.",,,,,,,,
44,WI,6,schoolexamen,,Schoolexamen analyse,"Differentiëren en integreren: regels, toepassingen en vraagstukken.",,,,,,,,
,,,school-wide,,Studiedag,"Teamvergadering en leerlingbespreking. Geen lessen voor leerlingen.",2026-10-30,,1,1,1,1,1,1
,,,school-wide,,Rapportbespreking,"Leerlingen bespreken tussenrapport met mentor. Individuele gesprekjes van 10 minuten.",2026-11-05,,1,1,1,1,1,1
45,WI,2,proefwerk,2,Proefwerk meetkunde,"Pythagoras, gelijkvormigheid en sinus/cosinus in rechthoekige driehoeken.",,,,,,,,
45,EN,2,so,1,SO present perfect,"Vertaalopdrachten, invuloefeningen en foutcorrectie.",,,,,,,,
45,BI,4,proefwerk,2,Proefwerk genetica,"DNA-structuur, mitose, meiose en erfelijkheid: kruisingsschema's.",,,,,,,,
45,GS,5,plan,,Koude Oorlog,"Start thema: IJzeren Gordijn, Trumandoctrine en Marshallplan.",,,,,,,,
46,NL,3,proefwerk,2,Proefwerk schrijfvaardigheid,"Betoog schrijven en samenvatten onder tijdsdruk (90 minuten).",,,,,,,,
46,EN,3,so,1,SO reading comprehension,"Twee teksten met meerkeuzevragen, open vragen en woordbetekenissen.",,,,,,,,
46,WI,4,so,1,SO goniometrie,"Sinus, cosinus en tangens in rechthoekige en niet-rechthoekige driehoeken.",,,,,,,,
46,SK,5,plan,,Organische chemie – introductie,"Alkanen en alkenen: naamgeving, structuurformules en eigenschappen.",,,,,,,,
46,BI,5,plan,,Ecologie,"Introductie: biotoop, populatie, ecosysteem en voedselketens.",,,,,,,,
,,,school-wide,,Rapportuitreiking,"Leerlingen ontvangen hun rapport. Korte gesprekjes met mentor mogelijk.",2026-11-20,,1,1,1,1,1,1
47,WI,3,plan,,Goniometrie – eenheidscirkel,"Cirkelgrootheden, radialen en de eenheidscirkel: sin en cos voor alle hoeken.",,,,,,,,
47,NA,5,proefwerk,2,Proefwerk elektromagnetisme en golven,"Elektrische kringen, golfbewegingen en lichtbreking.",,,,,,,,
47,GS,5,so,1,SO Koude Oorlog H1,"Oorzaken en het begin van de Koude Oorlog: 1945–1953.",,,,,,,,
47,EN,1,plan,,Vocabulary unit 3,"Thema School Life: 25 nieuwe woorden, uitdrukkingen en collocaties.",,,,,,,,
